problem,kind,seed,method,rel_l2,ssim,peak_err_cm,power_err,chi2_red,time,lam,coverage68,coverage95,rhat_max,rhat_median,invalid_frac,n_spins,n_blocks,max_degree,sweeps_posterior,sweeps_to_converge,time_s,wall_incl_compile_s
peaked,phantom,0,tikhonov_gcv,0.260954782449917,0.7810865403186174,0.0,0.011532726562066692,0.007137972573574984,0.010732540977187455,3.867415610621012,,,,,,,,,,,,
peaked,phantom,0,tikhonov_tuned,0.26285061277063937,0.7851298419921631,0.0,0.00938632954163071,0.08048518571988028,0.009251167008187622,18.30224878785506,,,,,,,,,,,,
peaked,phantom,0,mfi,0.19957867283772757,0.8356677538162129,0.0,0.061125157154214606,0.34874475836406066,0.04963833396323025,122.30547408682844,,,,,,,,,,,,
peaked,phantom,0,gp,0.22603047590035477,0.739057013520445,3.125,0.07728308791019595,1.028486881305394,0.7971327080158517,,0.27667493796526055,0.5421836228287841,,,,,,,,,,
peaked,phantom,0,potts,0.25742366228357594,0.7891898049122557,0.0,0.0467142451983636,0.35648557313245255,29.902315958985128,,0.7965260545905707,0.9801488833746899,1.0022102989896804,1.000013615502367,0.0,806,48,364,7000,230,29.902315958985128,31.591888708004262
peaked,phantom,0,potts_map,0.24192053673867314,0.776926483307981,17.67766952966369,0.005586493817171281,0.12138823749373409,29.902315958985128,,,,,,,,,,,,,
peaked,phantom,0,dense,0.25764540753059656,0.7891089623329541,0.0,0.04673130096162525,0.35837880852856535,57.107957542000804,,0.7965260545905707,0.9789081885856079,1.0029139915690506,1.0001165068491473,0.0,5642,315,2554,7000,300,57.107957542000804,67.77057370799594
peaked,phantom,0,dense_map,0.252983514013503,0.7496877057276858,15.625,0.015130454228304323,0.19397340181000106,57.107957542000804,,,,,,,,,,,,,
peaked,phantom,0,chain,0.3132117106341762,0.7365788373075165,0.0,0.05863890263389764,7.248518069499123,131.15370004199212,,0.7853598014888338,0.9826302729528535,26.476349209222274,1.0158578276996488,0.0,74276,76,716,7000,,131.15370004199212,131.2091043330147
peaked,phantom,0,chain_map,0.48262307152107786,0.4869100627791353,12.88470508005519,0.07799567588354081,6.51817816597843,131.15370004199212,,,,,,,,,,,,,
peaked,phantom,0,tree,0.2830584484826985,0.763156926509307,0.0,0.047590786413937824,3.4494303813681233,175.60399850003887,,0.8064516129032258,0.9826302729528535,7.523006943569782,1.0162501293075739,0.0,72044,114,468,7000,,175.60399850003887,175.68095166701823
peaked,phantom,0,tree_map,0.40467216911812554,0.5756759902808822,9.882117688026186,0.014159024042885186,2.1955742793391093,175.60399850003887,,,,,,,,,,,,,
hollow,phantom,0,tikhonov_gcv,0.6489084957400557,0.3505445378357762,57.02589872154581,0.16337802656341877,0.049885881538549545,0.009512791992165148,4.300366643038214,,,,,,,,,,,,
hollow,phantom,0,tikhonov_tuned,0.6494500872141437,0.3453000807309049,57.02589872154581,0.16290966526713363,0.12481075491631041,0.009793707984499633,8.108840014412467,,,,,,,,,,,,
hollow,phantom,0,mfi,0.8073811065081856,0.20715987081010778,57.02589872154581,0.21348755809497288,0.3403599962767563,0.05430395796429366,43.00689548269305,,,,,,,,,,,,
hollow,phantom,0,gp,0.5396001071548677,0.5042145119988842,53.49138365194903,0.11031262022121056,0.7932501119849213,0.824909667018801,,0.45533498759305213,0.7084367245657568,,,,,,,,,,
hollow,phantom,0,potts,0.5576390867957353,0.46877932609447626,53.94586406760021,0.125669913760939,0.3247616379357096,30.57517841598019,,0.45905707196029777,0.8337468982630273,1.0024042696431248,1.000276254074361,0.0,806,48,364,7000,250,30.57517841598019,32.008396708988585
hollow,phantom,0,potts_map,0.6894028610462616,0.33128084312740064,25.76941016011038,0.16073449578700283,0.26055439141996917,30.57517841598019,,,,,,,,,,,,,
hollow,phantom,0,dense,0.5605143679747441,0.4638760594980206,53.94586406760021,0.12620618152656307,0.32606173844917746,62.179351501050405,,0.45781637717121587,0.8287841191066998,1.0049315154863359,1.000607895023439,0.0,5642,315,2554,7000,600,62.179351501050405,74.94156254199333
hollow,phantom,0,dense_map,0.6701838082027599,0.3348149866697238,44.743190822738605,0.16916306577715742,0.2463744438276201,62.179351501050405,,,,,,,,,,,,,
hollow,phantom,0,chain,0.5572247480895539,0.4237341713610836,50.38911092686593,0.09201952537104101,4.401363994495229,149.18873595801415,,0.45905707196029777,0.8610421836228288,41.345986788961945,1.0345441244934417,0.0,74276,76,716,7000,,149.18873595801415,149.24030816700542
hollow,phantom,0,chain_map,0.6850861811147676,0.30659144943492156,28.298078556679428,0.1252140936856373,5.810277166229556,149.18873595801415,,,,,,,,,,,,,
hollow,phantom,0,tree,0.5490606570063153,0.45862037465094974,53.94586406760021,0.1083495034515249,2.153135951264467,167.60142741602613,,0.4801488833746898,0.8362282878411911,6.156718138956092,1.0350127255169075,0.0,72044,114,468,7000,,167.60142741602613,167.6678825839772
hollow,phantom,0,tree_map,0.585317265402285,0.3981502056732633,39.528470752104745,0.09992838371517339,2.3344693222763677,167.60142741602613,,,,,,,,,,,,,
blob,phantom,0,tikhonov_gcv,0.7836488483219979,0.17831377190443914,3.125,0.16312352056903526,0.0038602137652336463,0.008937667007558048,9.361114177251793,,,,,,,,,,,,
blob,phantom,0,tikhonov_tuned,0.7762835211840593,0.1878665607913494,3.125,0.1753971321198301,0.08220991368583154,0.009225042012985796,55.117762570854445,,,,,,,,,,,,
blob,phantom,0,mfi,0.4100600939268541,0.673051841978945,3.125,0.12278514919144656,0.37556774982919516,0.0499421670101583,637.7780304256025,,,,,,,,,,,,
blob,phantom,0,gp,0.7984670548706336,0.16139751721561474,4.419417382415922,0.11016288456009234,0.6668745181881603,0.7655267919762991,,0.5806451612903226,0.869727047146402,,,,,,,,,,
blob,phantom,0,potts,0.5927303592223057,0.573140388990474,3.125,0.3572422939916627,0.5887489087555515,30.265469041944016,,0.7158808933002482,0.9094292803970223,1.0022489926835585,0.9999535451471157,0.0,806,48,364,7000,300,30.265469041944016,31.483416375005618
blob,phantom,0,potts_map,0.626916488490403,0.4085668872613402,6.987712429686843,0.1426918926016446,0.19780013348483305,30.265469041944016,,,,,,,,,,,,,
blob,phantom,0,dense,0.5927120842944926,0.5733623885882435,3.125,0.3569221362096106,0.5876942352766249,58.66384441702394,,0.7146401985111662,0.9106699751861043,1.002838739157565,1.0000212687568144,0.0,5642,315,2554,7000,300,58.66384441702394,69.12982200004626
blob,phantom,0,dense_map,0.593480177869365,0.4377167578844242,6.987712429686843,0.15248639453823015,0.24057889529347756,58.66384441702394,,,,,,,,,,,,,
blob,phantom,0,chain,0.6885095047831568,0.5371852787483333,3.125,0.6083333294294515,36.0305843092593,149.74749937502202,,0.7704714640198511,0.9305210918114144,272114875452941.22,1.0060145430601364,0.0,74276,76,716,7000,,149.74749937502202,149.7984145420487
blob,phantom,0,chain_map,0.7011306169667244,0.3647292488590537,74.54287776172852,0.026790286352049213,53.6720312316951,149.74749937502202,,,,,,,,,,,,,
blob,phantom,0,tree,0.6358724424333216,0.5618629046994796,3.125,0.5513995220890742,17.03422426021855,258.63404387503397,,0.7816377171215881,0.9292803970223326,3.4006133025086793,1.0072793573532783,0.0,72044,114,468,7000,,258.63404387503397,258.75587854202604
blob,phantom,0,tree_map,0.77479314409935,0.33372405191085025,4.419417382415922,0.47407254145612154,10.73210850872837,258.63404387503397,,,,,,,,,,,,,
edge,phantom,0,tikhonov_gcv,0.6040032094704567,0.37602907198338786,20.00976324197765,0.03459282771606111,0.4959453248590364,0.12595933297416195,15.648607628772128,,,,,,,,,,,,
edge,phantom,0,tikhonov_tuned,0.610510386178361,0.3750792958250972,20.00976324197765,0.03604495379563244,0.13982598044413888,0.03488087502773851,5.264899766903282,,,,,,,,,,,,
edge,phantom,0,mfi,0.6196719490366323,0.45775297679170907,89.54092988684002,0.07376712937588682,0.1950450413627056,0.1187191249919124,22.96938898348441,,,,,,,,,,,,
edge,phantom,0,gp,0.653353712566929,0.33961888491939235,20.00976324197765,0.014153025947091833,0.4573009683264418,1.3833730000187643,,0.6662531017369727,0.890818858560794,,,,,,,,,,
edge,phantom,0,potts,0.6130750328337755,0.38604798968458387,89.54092988684002,0.1432651379237585,0.2976297096382223,48.79209633299615,,0.6910669975186104,0.8870967741935484,1.002123630837839,0.9999350456677677,0.0,806,48,364,7000,300,48.79209633299615,51.46385200001532
edge,phantom,0,potts_map,0.646741880192538,0.3691834690679935,91.10862335695782,0.055539368001657874,0.19996085125332186,48.79209633299615,,,,,,,,,,,,,
edge,phantom,0,dense,0.6127740807486695,0.38651650665760856,89.54092988684002,0.1426373059048922,0.2969538476077346,109.85483154200483,,0.6910669975186104,0.8870967741935484,1.0023452733604101,1.0001789803584735,0.0,5642,315,2554,7000,390,109.85483154200483,127.6512322499766
edge,phantom,0,dense_map,0.6317704909188143,0.370483319189305,91.10862335695782,0.05883021560259835,0.22777627109766416,109.85483154200483,,,,,,,,,,,,,
edge,phantom,0,chain,0.613248294630924,0.37595157894697934,89.54092988684002,0.1846687313370287,8.633337025424282,323.21126075001666,,0.6960297766749379,0.9081885856079405,inf,1.010565706974197,0.0,74276,76,716,7000,,323.21126075001666,323.29402329202276
edge,phantom,0,chain_map,0.7609981220540546,0.250959158515589,75.06507593415196,0.18799598393951206,13.412411475221534,323.21126075001666,,,,,,,,,,,,,
edge,phantom,0,tree,0.6174178957014099,0.37458951179636446,89.54092988684002,0.1602356276458781,3.4439406146323215,454.17674470797647,,0.684863523573201,0.8957816377171216,2.537068864611094,1.012088218553537,0.0,72044,114,468,7000,,454.17674470797647,454.2912414169987
edge,phantom,0,tree_map,0.7135628879171546,0.2610357287702082,91.10862335695782,0.08351157260965192,1.6721052758693769,454.17674470797647,,,,,,,,,,,,,
random000,random,1000,tikhonov_gcv,0.27247105240508157,0.7658519171869104,93.75,0.05436310046244722,0.03974788310054705,0.015422167023643851,13.766923400825794,,,,,,,,,,,,
random000,random,1000,tikhonov_tuned,0.27569149353412775,0.7710552127615806,3.125,0.05898602397617614,0.1672653203998643,0.01614279201021418,40.659255012765215,,,,,,,,,,,,
random000,random,1000,mfi,0.2797813679899656,0.7711201418751137,93.75,0.023720345841261523,1.033250378942968e-05,0.07571987499250099,0.2020729593476632,,,,,,,,,,,,
random000,random,1000,gp,0.2783890335936542,0.7793504552894109,93.75,0.0015441247546056618,0.6678563034264963,1.4743274999782443,,0.7729528535980149,0.9516129032258065,,,,,,,,,,
random000,random,1000,potts,0.2910893477200073,0.7550672074184113,19.008632907181937,0.03397817366367001,0.20851877972141064,49.320737374946475,,0.7754342431761787,0.9615384615384616,1.0024020459394292,1.0001670198271697,0.0,806,48,364,7000,270,49.320737374946475,51.860974958050065
random000,random,1000,potts_map,0.3072400921717943,0.6753486062560632,4.419417382415922,0.07971533964627248,0.2232625315160427,49.320737374946475,,,,,,,,,,,,,
random000,random,1000,dense,0.2903151562076942,0.7575997735338379,25.76941016011038,0.03300242651445221,0.20963581980004262,128.4556160410284,,0.7766749379652605,0.9627791563275434,1.0036691081713678,1.0005164487049474,0.0,5642,315,2554,7000,460,128.4556160410284,143.54086974996608
random000,random,1000,dense_map,0.29207038113357664,0.661715807757884,6.987712429686843,0.008546659245584053,0.23090789094021932,128.4556160410284,,,,,,,,,,,,,
random000,random,1000,chain,0.3112064923739326,0.730711130519706,19.008632907181937,0.06354691980083549,0.7786294821436867,154.2933861669735,,0.7803970223325062,0.9528535980148883,142870217715295.47,1.037092848015258,0.0,74276,76,716,7000,,154.2933861669735,154.34145300003001
random000,random,1000,chain_map,0.40806922090729053,0.44916891622236005,12.88470508005519,0.017872210470501942,1.96878842702906,154.2933861669735,,,,,,,,,,,,,
random000,random,1000,tree,0.2949495020368317,0.7471434901189202,19.008632907181937,0.04416676784306893,0.3733730040727214,207.704609834007,,0.7518610421836228,0.9578163771712159,14.65715794921433,1.031528475752356,0.0,72044,114,468,7000,,207.704609834007,207.91776545799803
random000,random,1000,tree_map,0.39695909197995716,0.4878804620300887,25.76941016011038,0.08069697661731629,0.8504922504179138,207.704609834007,,,,,,,,,,,,,
random001,random,1001,tikhonov_gcv,0.4643393365485429,0.6178227085986853,16.828640022295325,0.017602892270828622,0.38063407186053877,0.01846783299697563,161.3543020915238,,,,,,,,,,,,
random001,random,1001,tikhonov_tuned,0.4611450178224848,0.6204465672540237,16.828640022295325,0.009299954869962343,0.20159555552871133,0.014221790945157409,83.55198890955582,,,,,,,,,,,,
random001,random,1001,mfi,0.43964746246543984,0.7069060436591053,16.828640022295325,0.0043151247466339734,0.30584609011102376,0.08350358298048377,236.83812715722857,,,,,,,,,,,,
random001,random,1001,gp,0.40777384529850524,0.6713211475496252,3.125,0.007010654335250786,0.6924261643063522,1.0458135419758037,,0.6488833746898263,0.8635235732009926,,,,,,,,,,
random001,random,1001,potts,0.4517762858028636,0.6546263774132438,16.828640022295325,0.012892607762249307,0.2256756076376386,37.60142154205823,,0.7047146401985112,0.8784119106699751,1.0031911231414734,1.0002499327002816,0.0,806,48,364,7000,270,37.60142154205823,39.2447086670436
random001,random,1001,potts_map,0.46454889116567577,0.5342549156282638,19.008632907181937,0.012259082968688375,0.3220135172368216,37.60142154205823,,,,,,,,,,,,,
random001,random,1001,dense,0.45019135446740555,0.6564615389670289,16.828640022295325,0.012542747024751898,0.22727663586657154,81.15184033301193,,0.7034739454094293,0.8771712158808933,1.0039160480267457,1.0004883945295413,0.0,5642,315,2554,7000,390,81.15184033301193,91.60463333298685
random001,random,1001,dense_map,0.532946554423149,0.46655273818036075,16.828640022295325,0.06587531902475977,0.35195917860987247,81.15184033301193,,,,,,,,,,,,,
random001,random,1001,chain,0.48007586223804,0.574418756755677,16.828640022295325,0.060281645792723826,1.4624332032193548,182.7985161250108,,0.6786600496277916,0.8784119106699751,323680358443202.2,1.0536368621339376,0.0,74276,76,716,7000,,182.7985161250108,182.92475962499157
random001,random,1001,chain_map,0.5287834046555814,0.39229288441591603,22.75034340400162,0.005282797076416168,3.080690155158315,182.7985161250108,,,,,,,,,,,,,
random001,random,1001,tree,0.4742678748410308,0.6021700515633572,15.93443597997745,0.05080723912599902,0.631850187002255,233.32501025003148,,0.6290322580645161,0.8660049627791563,295067907123765.56,1.0681205830990437,0.0,72044,114,468,7000,,233.32501025003148,233.44561579095898
random001,random,1001,tree_map,0.5089159272589743,0.3807126639740457,15.93443597997745,0.10354726284302927,1.645313933686169,233.32501025003148,,,,,,,,,,,,,
random002,random,1002,tikhonov_gcv,0.29240139820823313,0.7495973612715466,3.125,0.0018577859913915461,0.12053639976727021,0.016105790971778333,20.156469666403115,,,,,,,,,,,,
random002,random,1002,tikhonov_tuned,0.29284812809286587,0.749409453439808,3.125,0.001478130046541577,0.13538454704033576,0.012958791048731655,22.18524617747849,,,,,,,,,,,,
random002,random,1002,mfi,0.19290179516600556,0.8392368053976575,0.0,0.037906732819891716,1.0198309073416196e-05,0.06645891699008644,0.1373266328913519,,,,,,,,,,,,
random002,random,1002,gp,0.23842750581835548,0.8273709246786916,8.838834764831844,0.030000687040723548,0.7310241944649827,0.9385420840117149,,0.7084367245657568,0.9689826302729528,,,,,,,,,,
random002,random,1002,potts,0.2719150606602883,0.7695611472119839,0.0,0.06761800724514054,0.2097643812866136,40.585473041050136,,0.7791563275434243,0.9838709677419355,1.002760013023197,1.0001273843937173,0.0,806,48,364,7000,300,40.585473041050136,42.93175262497971
random002,random,1002,potts_map,0.30262099972941947,0.6788922478489023,11.267347735824966,0.009146200720658757,0.21145736068015106,40.585473041050136,,,,,,,,,,,,,
random002,random,1002,dense,0.2717762393435301,0.7695842882876053,3.125,0.06816562300723726,0.21221060885838763,88.18839374999516,,0.7779156327543424,0.9838709677419355,1.0032801540513987,1.0003839527900642,0.0,5642,315,2554,7000,300,88.18839374999516,99.60313029203098
random002,random,1002,dense_map,0.2919697088522907,0.7051816726233177,11.267347735824966,0.028555400800661084,0.22219959583885876,88.18839374999516,,,,,,,,,,,,,
random002,random,1002,chain,0.2837359159821086,0.776005290173239,3.125,0.06191147712987251,1.6414649816574247,197.1628467909759,,0.7878411910669976,0.9813895781637717,189678417583470.03,1.0273856164692576,0.0,74276,76,716,7000,,197.1628467909759,197.2801029169932
random002,random,1002,chain_map,0.4541663287399898,0.458801896964109,9.882117688026186,0.07952252356045567,2.766706711448063,197.1628467909759,,,,,,,,,,,,,
random002,random,1002,tree,0.2609721880708902,0.7852637569651872,0.0,0.055923206088236255,0.6907546178206726,295.81423200003337,,0.78287841191067,0.9826302729528535,216224326260114.44,1.0254834461428157,0.0,72044,114,468,7000,,295.81423200003337,296.0187615840114
random002,random,1002,tree_map,0.4116366615783419,0.5359172285876743,0.0,0.061300082825150905,1.082088199764203,295.81423200003337,,,,,,,,,,,,,
random003,random,1003,tikhonov_gcv,0.23845442560457616,0.6742273828656496,31.25,0.01626401321086665,0.24949483128946318,0.02199537499109283,27.457272079368845,,,,,,,,,,,,
random003,random,1003,tikhonov_tuned,0.23780379442019361,0.6744215285322013,31.25,0.01836208166968398,0.17838650106429196,0.019923250016290694,18.888841049616413,,,,,,,,,,,,
random003,random,1003,mfi,0.23229588461673725,0.7002891339438063,31.40586131600278,0.01514289696317776,0.14489451242704077,0.1000620829872787,18.706454679994753,,,,,,,,,,,,
random003,random,1003,gp,0.2015988708601524,0.7691061093019211,31.8688719599549,0.013549245527066727,0.6668931146107793,1.747033957974054,,0.5248138957816377,0.8771712158808933,,,,,,,,,,
random003,random,1003,potts,0.25191835063081497,0.6604494386229884,34.375,0.011559668989788862,0.20362088835816775,38.635960459010676,,0.641439205955335,0.9714640198511166,1.0025908791623461,1.000293128468387,0.0,806,48,364,7000,270,38.635960459010676,40.87567020795541
random003,random,1003,potts_map,0.2773374044070192,0.5538497070743977,47.80330793993236,0.006928086572387229,0.2650927648110334,38.635960459010676,,,,,,,,,,,,,
random003,random,1003,dense,0.24947440861617057,0.6646772164844421,31.25,0.011432083243959492,0.2033972102983667,103.96485854196362,,0.652605459057072,0.9739454094292804,1.004273569198738,1.0008925413492582,0.0,5642,315,2554,7000,500,103.96485854196362,119.87960200000089
random003,random,1003,dense_map,0.2838817568386902,0.5670666702367069,42.504595339798264,0.012877440111958294,0.25323106168991993,103.96485854196362,,,,,,,,,,,,,
random003,random,1003,chain,0.25718482903282025,0.6582783821253019,31.25,0.026087804416124228,0.4634847427988582,328.47402762499405,,0.6501240694789082,0.9652605459057072,10.36080431655686,1.0389227071576783,0.0,74276,76,716,7000,,328.47402762499405,328.7836002080003
random003,random,1003,chain_map,0.3424788881383515,0.46851552465377966,37.62998305872593,0.022075011933021336,1.5375899145526515,328.47402762499405,,,,,,,,,,,,,
random003,random,1003,tree,0.2507636349424913,0.6706056811035092,31.25,0.025966865213703585,0.27697980019759855,340.0211020000279,,0.652605459057072,0.9615384615384616,9.347259868811948,1.0359495540431336,0.0,72044,114,468,7000,,340.0211020000279,340.20640354196075
random003,random,1003,tree_map,0.3256301333286513,0.48217529784675833,35.63048203434806,0.04252591472529646,0.48750380683013894,340.0211020000279,,,,,,,,,,,,,
random004,random,1004,tikhonov_gcv,0.2523513306319466,0.7301057794533539,3.125,0.002404953578812559,0.10026096282786348,0.017952250025700778,25.270297725500647,,,,,,,,,,,,
random004,random,1004,tikhonov_tuned,0.2532131154308528,0.7354370696906627,3.125,0.0028145228811736825,0.1625148383156317,0.014412582968361676,37.730136285405564,,,,,,,,,,,,
random004,random,1004,mfi,0.2544584772221783,0.740964106549145,3.125,0.021209283838423916,0.0015420053128440405,0.08125329203903675,2.5270874366846607,,,,,,,,,,,,
random004,random,1004,gp,0.20516780689328823,0.7406682627066884,0.0,0.012345829707650574,0.6465920795264049,1.2563800000352785,,0.7878411910669976,0.9789081885856079,,,,,,,,,,
random004,random,1004,potts,0.2555435298915182,0.7302223133759083,3.125,0.012401972031358403,0.20048569105161265,45.77921716705896,,0.7816377171215881,0.9714640198511166,1.002707526162118,1.000340092216158,0.0,806,48,364,7000,350,45.77921716705896,48.39167325000744
random004,random,1004,potts_map,0.30096730385385645,0.5986269902052411,6.987712429686843,0.013586520059802962,0.39669230583845483,45.77921716705896,,,,,,,,,,,,,
random004,random,1004,dense,0.2567952084694656,0.7281709783336231,3.125,0.012131194991464336,0.20135939482680154,104.05194583395496,,0.7803970223325062,0.9689826302729528,1.0039165559603465,1.000386344846368,0.0,5642,315,2554,7000,300,104.05194583395496,119.99866683298023
random004,random,1004,dense_map,0.29558041214008834,0.6224996074453375,9.882117688026186,0.0195499623267674,0.3856150141951603,104.05194583395496,,,,,,,,,,,,,
random004,random,1004,chain,0.27814279593046354,0.7207654370488075,3.125,0.030527153069128066,0.975200331451461,277.6636274580378,,0.7977667493796526,0.966501240694789,4000465510694547.0,1.0516067335043946,0.0,74276,76,716,7000,,277.6636274580378,277.80900791601744
random004,random,1004,chain_map,0.3968390203142295,0.39540200205090414,4.419417382415922,0.02333254429114717,1.5817802997558301,277.6636274580378,,,,,,,,,,,,,
random004,random,1004,tree,0.26380013930796287,0.7164917495549108,3.125,0.005394268215075175,0.4411368685049372,305.7898732079775,,0.760545905707196,0.966501240694789,2392183906269115.0,1.0458564619610862,0.0,72044,114,468,7000,,305.7898732079775,305.9849186670035
random004,random,1004,tree_map,0.3901635408065811,0.4300459742286167,3.125,0.018784399649853237,1.7526071816670656,305.7898732079775,,,,,,,,,,,,,
random005,random,1005,tikhonov_gcv,0.3925483809429828,0.5036266486845813,49.41058844013092,0.029288202933902455,0.03957961139893492,0.016200374986510724,12.436099648345953,,,,,,,,,,,,
random005,random,1005,tikhonov_tuned,0.3940640459302145,0.5005428716756922,49.41058844013092,0.03352359771615564,0.14996351409552516,0.014017208013683558,35.222591775935996,,,,,,,,,,,,
random005,random,1005,mfi,0.374927440834031,0.5498894443567901,49.41058844013092,0.005687585126189985,0.026329725448160087,0.078085542016197,12.436276412985462,,,,,,,,,,,,
random005,random,1005,gp,0.3597702800789897,0.5915165016997425,47.80330793993236,0.015454007208627779,0.498258797241361,1.168794125027489,,0.5099255583126551,0.8535980148883374,,,,,,,,,,
random005,random,1005,potts,0.3734096597441374,0.5460285356129571,49.41058844013092,0.007109130478039295,0.20140715975966353,49.20381154102506,,0.6004962779156328,0.8895781637717122,1.0046181770296434,1.0002433425434862,0.0,806,48,364,7000,300,49.20381154102506,51.177007457998116
random005,random,1005,potts_map,0.38417813536965617,0.5022888660706685,50.48592006688597,0.02427117599340829,0.21412925898327007,49.20381154102506,,,,,,,,,,,,,
random005,random,1005,dense,0.37400269649554224,0.5463756125820777,49.41058844013092,0.007566951037590477,0.1996072119710572,117.81813808192965,,0.6017369727047146,0.8883374689826302,1.005763061157929,1.0011972920053707,0.0,5642,315,2554,7000,660,117.81813808192965,138.27956741600065
random005,random,1005,dense_map,0.37968733066102367,0.5181858620994609,50.48592006688597,0.03382153968678452,0.23601074041588918,117.81813808192965,,,,,,,,,,,,,
random005,random,1005,chain,0.3736252024767588,0.5461178585926522,49.41058844013092,0.005756651919782674,0.6772118775222536,306.226597833971,,0.6129032258064516,0.9007444168734491,14.065103800680776,1.0467047031164092,0.0,74276,76,716,7000,,306.226597833971,306.35992266703397
random005,random,1005,chain_map,0.4756758945942276,0.360486248228187,33.65728004459065,0.026260835096194972,1.9858273888535498,306.226597833971,,,,,,,,,,,,,
random005,random,1005,tree,0.37138432927463355,0.5505618823236738,49.41058844013092,0.004592609644835397,0.28977681183902665,310.79850241699023,,0.5930521091811415,0.890818858560794,10.599785565406473,1.043775428380242,0.0,72044,114,468,7000,,310.79850241699023,310.9714796249755
random005,random,1005,tree_map,0.4216387314380561,0.4481646278246557,51.727954241396404,0.03660706243068571,0.5475373806226512,310.79850241699023,,,,,,,,,,,,,
random006,random,1006,tikhonov_gcv,0.282029979751537,0.632452806485953,6.987712429686843,0.03248729175552489,0.23169633618376556,0.03522187500493601,28.74062618949406,,,,,,,,,,,,
random006,random,1006,tikhonov_tuned,0.2841685454475512,0.6287428303297506,6.987712429686843,0.03306482720177534,0.2901736998532314,0.015567166963592172,36.41071072952863,,,,,,,,,,,,
random006,random,1006,mfi,0.28638083786637186,0.6382716338310325,6.987712429686843,0.04385527360034761,0.06905474905821166,0.07004250003956258,13.340201609939262,,,,,,,,,,,,
random006,random,1006,gp,0.21476266374168557,0.7599829024948788,3.125,0.022598528095323454,0.6256667264603224,1.5625610410352238,,0.749379652605459,0.9739454094292804,,,,,,,,,,
random006,random,1006,potts,0.28283512367871927,0.6326585084868864,6.987712429686843,0.03591321928855525,0.30695405184044094,52.97143529198365,,0.6637717121588089,0.9317617866004962,1.0041332594839119,1.0007100503028858,0.0,806,48,364,7000,420,52.97143529198365,55.36490491597215
random006,random,1006,potts_map,0.34969075881890177,0.4407765608447452,6.25,0.06419658566325247,0.4623160507527323,52.97143529198365,,,,,,,,,,,,,
random006,random,1006,dense,0.28362540187113483,0.6311804337196476,6.987712429686843,0.036906969573413724,0.30738327186921144,142.0851290000137,,0.6612903225806451,0.9330024813895782,1.0047413780324554,1.0008905002869466,0.0,5642,315,2554,7000,550,142.0851290000137,162.8269505420467
random006,random,1006,dense_map,0.33311053002154745,0.46784961129105956,6.987712429686843,0.03394432142156442,0.5017202369655399,142.0851290000137,,,,,,,,,,,,,
random006,random,1006,chain,0.27891448669295144,0.6430327326574401,6.987712429686843,0.008890994179345139,0.5869144387363827,278.47983358305646,,0.7047146401985112,0.9367245657568238,122546539082424.03,1.0738462534298043,0.0,74276,76,716,7000,,278.47983358305646,278.55089533299906
random006,random,1006,chain_map,0.38580968765684354,0.38382158721297815,6.987712429686843,0.030528743200728473,1.5059522946411266,278.47983358305646,,,,,,,,,,,,,
random006,random,1006,tree,0.2838410125723767,0.6216447308657506,6.987712429686843,0.01918243632106706,0.37912533527614656,288.58893600001466,,0.6575682382133995,0.9280397022332506,140.48613753217464,1.0600576347887705,0.0,72044,114,468,7000,,288.58893600001466,288.71743737498764
random006,random,1006,tree_map,0.3626652750068121,0.44244665959344875,6.987712429686843,0.007595575146545727,0.8708422219582874,288.58893600001466,,,,,,,,,,,,,
random007,random,1007,tikhonov_gcv,0.22440366793630226,0.7989046113560854,6.987712429686843,0.006846379160336755,0.12787342012218458,0.01558425003895536,17.752183340488493,,,,,,,,,,,,
random007,random,1007,tikhonov_tuned,0.2249640152534356,0.8021917175955666,6.987712429686843,0.006129917319861898,0.19223712550677,0.014887291006743908,25.23152186023105,,,,,,,,,,,,
random007,random,1007,mfi,0.2212343152302303,0.8045010704689443,6.987712429686843,0.028409638860588716,0.13903556444000906,0.06747783301398158,26.05683939839421,,,,,,,,,,,,
random007,random,1007,gp,0.20024972813037362,0.8109797476196633,0.0,0.019333770786670586,0.6703385533723342,1.1389814580325037,,0.8957816377171216,0.9975186104218362,,,,,,,,,,
random007,random,1007,potts,0.28168858243115164,0.7329501036157573,6.987712429686843,0.06095890847911003,0.2272362184115185,42.31383774999995,,0.7704714640198511,0.9739454094292804,1.0028138143490828,1.0002911662531988,0.0,806,48,364,7000,320,42.31383774999995,44.512102250009775
random007,random,1007,potts_map,0.2665720717948646,0.6578446484720177,8.838834764831844,0.012949487007881207,0.34335572143116666,42.31383774999995,,,,,,,,,,,,,
random007,random,1007,dense,0.28132683368698197,0.7342749730812392,6.987712429686843,0.0611258521082267,0.22713189048321236,91.13411429198459,,0.7729528535980149,0.9739454094292804,1.0044964254918376,1.0006557557039515,0.0,5642,315,2554,7000,390,91.13411429198459,106.3376905839541
random007,random,1007,dense_map,0.2818584952896128,0.6736709432632343,8.838834764831844,0.0417413328918262,0.3264727683436335,91.13411429198459,,,,,,,,,,,,,
random007,random,1007,chain,0.3038097963698234,0.7093651214310945,6.987712429686843,0.01882637716384929,0.9029986194008561,265.9957472499809,,0.7878411910669976,0.9776674937965261,178479422290564.38,1.0533602211187851,0.0,74276,76,716,7000,,265.9957472499809,266.06642474996625
random007,random,1007,chain_map,0.46747792490908135,0.3502601177981482,8.838834764831844,0.02276488901377159,2.214250618816313,265.9957472499809,,,,,,,,,,,,,
random007,random,1007,tree,0.2914174523087153,0.7058391737348834,6.987712429686843,0.03277619008465086,0.47298839707333606,318.33281283301767,,0.749379652605459,0.9714640198511166,173327314490330.38,1.0458641717399448,0.0,72044,114,468,7000,,318.33281283301767,318.49701579200337
random007,random,1007,tree_map,0.4417114518299454,0.3977620105484035,6.25,0.016221287676511334,0.6150402798647776,318.33281283301767,,,,,,,,,,,,,
