variant,preset,layout,readout,n_spins,n_blocks,n_sweeps,n_chains,energy_J,latency_s,not_2colourable,n_phys
chain,spec,logical,False,74276.0,76.0,7000,16,1.08145856e-05,0.0532,False,620967
chain,spec,embedded,False,620967,17,7000,16,9.04127952e-05,0.011899999999999999,False,620967
chain,spec,logical,True,74276.0,76.0,7000,16,1.08145856e-05,0.0532,False,620967
chain,spec,embedded,True,620967,17,7000,16,9.04127952e-05,0.011899999999999999,False,620967
chain,extropic_2510,logical,False,74276.0,76.0,7000,16,1.6637824e-05,0.0532,False,620967
chain,extropic_2510,embedded,False,620967,17,7000,16,0.00013909660800000002,0.011899999999999999,False,620967
chain,extropic_2510,logical,True,74276.0,76.0,7000,16,1.6637824e-05,0.0532,False,620967
chain,extropic_2510,embedded,True,620967,17,7000,16,0.00013909660800000002,0.011899999999999999,False,620967
chain,z1_2608,logical,False,74276.0,76.0,7000,16,5.898108608e-05,0.00532,True,620967
chain,z1_2608,embedded,False,620967,17,7000,16,0.00049309747536,0.00119,True,620967
chain,z1_2608,logical,True,74276.0,76.0,7000,16,6.0991885951999994e-05,0.005345,True,620967
chain,z1_2608,embedded,True,620967,17,7000,16,0.000509908293984,0.0012150000000000002,True,620967
dense,spec,logical,False,5642.0,315.0,2390,16,2.80475104e-07,0.07528499999999999,False,214207
dense,spec,embedded,False,214207,17,2390,16,1.0648658384e-05,0.004063,False,214207
dense,spec,logical,True,5642.0,315.0,2390,16,2.80475104e-07,0.07528499999999999,False,214207
dense,spec,embedded,True,214207,17,2390,16,1.0648658384e-05,0.004063,False,214207
dense,extropic_2510,logical,False,5642.0,315.0,2390,16,4.3150016e-07,0.07528499999999999,False,214207
dense,extropic_2510,embedded,False,214207,17,2390,16,1.638255136e-05,0.004063,False,214207
dense,extropic_2510,logical,True,5642.0,315.0,2390,16,4.3150016e-07,0.07528499999999999,False,214207
dense,extropic_2510,embedded,True,214207,17,2390,16,1.638255136e-05,0.004063,False,214207
dense,z1_2608,logical,False,5642.0,315.0,2390,16,1.5296680672e-06,0.0075285,True,214207
dense,z1_2608,embedded,False,214207,17,2390,16,5.80761445712e-05,0.0004063,True,214207
dense,z1_2608,logical,True,5642.0,315.0,2390,16,1.6824082912e-06,0.0075534999999999995,True,214207
dense,z1_2608,embedded,True,214207,17,2390,16,6.38751564752e-05,0.0004313,True,214207
potts,spec,logical,False,806.0,48.0,2300,16,3.855904e-08,0.01104,False,
potts,spec,logical,True,806.0,48.0,2300,16,3.855904e-08,0.01104,False,
potts,extropic_2510,logical,False,806.0,48.0,2300,16,5.9321600000000005e-08,0.01104,False,
potts,extropic_2510,logical,True,806.0,48.0,2300,16,5.9321600000000005e-08,0.01104,False,
potts,z1_2608,logical,False,806.0,48.0,2300,16,2.10295072e-07,0.0011040000000000002,True,
potts,z1_2608,logical,True,806.0,48.0,2300,16,2.32115104e-07,0.0011290000000000002,True,
tree,spec,logical,False,72044.0,114.0,7000,16,1.04896064e-05,0.0798,False,190889
tree,spec,embedded,False,190889,17,7000,16,2.77934384e-05,0.011899999999999999,False,190889
tree,spec,logical,True,72044.0,114.0,7000,16,1.04896064e-05,0.0798,False,190889
tree,spec,embedded,True,190889,17,7000,16,2.77934384e-05,0.011899999999999999,False,190889
tree,extropic_2510,logical,False,72044.0,114.0,7000,16,1.6137856e-05,0.0798,False,190889
tree,extropic_2510,embedded,False,190889,17,7000,16,4.2759136e-05,0.011899999999999999,False,190889
tree,extropic_2510,logical,True,72044.0,114.0,7000,16,1.6137856e-05,0.0798,False,190889
tree,extropic_2510,embedded,True,190889,17,7000,16,4.2759136e-05,0.011899999999999999,False,190889
tree,z1_2608,logical,False,72044.0,114.0,7000,16,5.7208699519999995e-05,0.007980000000000001,True,190889
tree,z1_2608,embedded,False,190889,17,7000,16,0.00015158113712,0.00119,True,190889
tree,z1_2608,logical,True,72044.0,114.0,7000,16,5.9159074687999994e-05,0.008005000000000002,True,190889
tree,z1_2608,embedded,True,190889,17,7000,16,0.00015674888412800002,0.0012150000000000002,True,190889
