problem,variant,noise,rel_l2,seed,ssim,peak_err_cm,power_err,chi2_red,coverage68,coverage95,rhat_max,time,invalid_frac,n_spins,n_blocks,max_degree,time_s,tau_over_dz,eff_noise_ratio,sweeps_to_converge,map_rel_l2
peaked,tikhonov_tuned,0.01,0.26471747125722916,,,,,,,,,,,,,,,,,,
peaked,potts,0.01,0.23937723139573017,0,0.8091963875208708,0.0,0.03926969013349284,0.22394151954381364,0.7803970223325062,0.9789081885856079,1.0026397650560153,30.71317366696894,0.0,806,48,364,30.71317366696894,,,230,0.2259252209091814
peaked,chain,0.01,0.2873917494044769,0,0.7590984505127576,0.0,0.04185741298916662,8.180268275621037,0.7779156327543424,0.9838709677419355,211276998275281.97,126.8562334169983,0.0,74276,76,716,126.8562334169983,0.75,9.603130861351085,,0.42330670128580244
peaked,tikhonov_tuned,0.03,0.26285061277063937,,,,,,,,,,,,,,,,,,
peaked,potts,0.03,0.25790358999734264,0,0.7885878439517474,0.0,0.04667584740672764,0.3578380149662081,0.792803970223325,0.9789081885856079,1.002054289710625,31.3506059590145,0.0,806,48,364,31.3506059590145,,,230,0.2725567704566416
peaked,chain,0.03,0.3098165456983833,0,0.7373072411727232,0.0,0.05672169196779188,7.3010501215657495,0.7878411910669976,0.9801488833746899,42.64155248967472,134.34045241697459,0.0,74276,76,716,134.34045241697459,0.75,5.513138097056002,,0.43979797399224635
peaked,tikhonov_tuned,0.05,0.26270404835809724,,,,,,,,,,,,,,,,,,
peaked,potts,0.05,0.2771792226177446,0,0.7718868918832973,0.0,0.05443304984001477,0.5110551556830871,0.8039702233250621,0.9851116625310173,1.0021314476289773,30.867456417006906,0.0,806,48,364,30.867456417006906,,,250,0.2958717671953571
peaked,chain,0.05,0.32833530135613875,0,0.7187242870258651,0.0,0.06568997431045319,7.001834035126127,0.7977667493796526,0.9851116625310173,24.415776796871732,146.49773112498224,0.0,74276,76,716,146.49773112498224,0.75,4.1226171438319525,,0.47201575082439207
peaked,tikhonov_tuned,0.1,0.265044820081349,,,,,,,,,,,,,,,,,,
peaked,potts,0.1,0.3252427347792509,0,0.7387739849406519,0.0,0.07142858364872147,0.8464672301551354,0.7990074441687345,0.9838709677419355,1.002316711154621,31.00289875001181,0.0,806,48,364,31.00289875001181,,,230,0.25360433627319034
peaked,chain,0.1,0.36275580886511094,0,0.6832284201936591,0.0,0.08781159438048873,6.442249233856567,0.792803970223325,0.9863523573200993,5.330479764385131,136.61527995899087,0.0,74276,76,716,136.61527995899087,0.75,2.6465135787230283,,0.5339924393521082
