problem,group,seed,method,rel_l2,ssim,peak_err_cm,power_err,chi2_red,time,lam,coverage68,coverage95,rhat_max,time_s
peaked_s0,peaked,0,tikhonov_gcv,0.3149173344427121,0.5377723486368599,2.500000000000002,0.043462983204403415,0.4005880933362918,0.040081624989397824,141.91508666931173,,,,
peaked_s0,peaked,0,tikhonov_tuned,0.3075525774494083,0.5155467541646465,2.500000000000002,0.03436352719638743,0.15181828142601267,0.03333208302501589,43.70209759144233,,,,
peaked_s0,peaked,0,mfi,0.09876396624819501,0.9424091156403063,2.500000000000002,0.01789014028465231,0.9648079271961394,0.18236437503946945,966.9438143203577,,,,
peaked_s0,peaked,0,gp,0.171637264987833,0.6333911047836126,2.500000000000002,0.023724754293383464,0.7053370852720311,3.7066685419995338,,0.6907665505226481,0.9520905923344948,,
peaked_s0,peaked,0,potts,0.19464272040727795,0.7670319507272421,2.500000000000002,0.08245281070200769,1.045463180379063,82.12909920804668,,0.8484320557491289,0.9581881533101045,1.0022674761801829,82.12909920804668
peaked_s0,peaked,0,sparse,0.31950488748248307,0.785064806754415,2.500000000000002,0.26651039576007785,13.401363953088497,8.814268875052221,,0.6881533101045296,0.7935540069686411,1.0018848002468452,8.814268875052221
peaked_s1,peaked,1,tikhonov_gcv,0.2923409641416302,0.5399825428600783,2.500000000000002,0.023890020546509533,0.10216593587395859,0.03400087502086535,65.87114816054675,,,,
peaked_s1,peaked,1,tikhonov_tuned,0.29072880979177607,0.5355319748475125,2.500000000000002,0.021925086085027228,0.07114885297438077,0.03254170797299594,44.658264659493426,,,,
peaked_s1,peaked,1,mfi,0.08947345078250694,0.9147509106040025,2.500000000000002,0.03281997698563602,0.5168811321024404,0.17766483401646838,448.8150163208222,,,,
peaked_s1,peaked,1,gp,0.14331059041054175,0.7240623788044298,0.0,0.011620045597551183,0.40626287815239,3.371750666992739,,0.8240418118466899,0.9581881533101045,,
peaked_s1,peaked,1,potts,0.1873780001748529,0.7431828775219569,2.500000000000002,0.08699828357375564,0.7728305015998012,81.46409383404534,,0.8562717770034843,0.9616724738675958,1.0019553608209781,81.46409383404534
peaked_s1,peaked,1,sparse,0.29769307902779074,0.7953138073496548,2.500000000000002,0.243735161958796,10.962771344692404,8.243281708972063,,0.6907665505226481,0.8083623693379791,1.0023831680345654,8.243281708972063
hollow_s0,hollow,0,tikhonov_gcv,0.48850412750974614,0.35977599127834065,24.733863103041546,0.018834398940742444,0.29814157607007513,0.03247504198225215,45.003082764429536,,,,
hollow_s0,hollow,0,tikhonov_tuned,0.48901342693880795,0.3510494953146048,24.733863103041546,0.027864229593723696,0.13387839795261022,0.032445832970552146,19.49709384449761,,,,
hollow_s0,hollow,0,mfi,0.3936429323537845,0.8219746059629579,25.90589894213285,0.019553279790982755,1.2740616468472743,0.17480604199226946,450.08481198460896,,,,
hollow_s0,hollow,0,gp,0.6156002014353619,0.24101621822448124,5.620909534941838,0.004816551631583816,0.5843002321190186,3.276900708966423,,0.4442508710801394,0.7674216027874564,,
hollow_s0,hollow,0,potts,0.377155399850299,0.6020143336418173,24.733863103041546,0.087326502628105,1.558735462398727,81.36625512497267,,0.7857142857142857,0.9102787456445993,1.0023743226122463,81.36625512497267
hollow_s0,hollow,0,sparse,0.5210822309220239,0.684117466453684,5.135999999999996,0.33412112560849777,19.916431643067387,8.235059165977873,,0.6742160278745645,0.7264808362369338,1.0020141007313799,8.235059165977873
hollow_s1,hollow,1,tikhonov_gcv,0.48466333433969583,0.34445506649772506,24.733863103041546,0.03692425508990127,0.13300422248812027,0.032331208989489824,30.66024337056486,,,,
hollow_s1,hollow,1,tikhonov_tuned,0.48496429508453415,0.3410740449030228,24.733863103041546,0.04108582001230568,0.07814909861058697,0.032015208969824016,19.11576730851176,,,,
hollow_s1,hollow,1,mfi,0.3881304396723342,0.7865150061400776,25.90589894213285,0.03835297397121145,0.9088340169357757,0.17543770803604275,208.90738013621305,,,,
hollow_s1,hollow,1,gp,0.6608367606355492,0.23024330742080348,23.07874554649797,0.045353026091801446,0.3389246713745199,3.171157833014149,,0.39634146341463417,0.7273519163763066,,
hollow_s1,hollow,1,potts,0.3659906583210296,0.5919712699722955,24.733863103041546,0.09291894861913715,1.1680765378086833,81.20427133300109,,0.7761324041811847,0.921602787456446,1.0025070422382516,81.20427133300109
hollow_s1,hollow,1,sparse,0.5158438848052542,0.6922863031680524,24.733863103041546,0.3333214238624603,19.080952094780443,8.132566292013507,,0.6707317073170732,0.7168989547038328,1.0021601394975428,8.132566292013507
blob_s0,blob,0,tikhonov_gcv,0.7027709719715535,0.4658470269249715,4.999999999999993,0.04551185962483566,0.33070838112949763,0.032884207961615175,332.42852516484567,,,,
blob_s0,blob,0,tikhonov_tuned,0.6975994122368987,0.4535717043729586,4.999999999999993,0.023898633525926513,0.1560333041210082,0.031957625003997236,165.02066612370896,,,,
blob_s0,blob,0,mfi,0.4051250049716021,0.8572300118733834,4.999999999999993,0.048722101541606604,1.4904572076289013,0.17955487500876188,2264.8450536209543,,,,
blob_s0,blob,0,gp,0.6754441253968163,0.3042997354432886,3.583939731636127,0.048808588148876286,0.6039286978208426,3.1821769580128603,,0.5165505226480837,0.7822299651567944,,
blob_s0,blob,0,potts,0.56074694562739,0.7417135557964861,4.999999999999993,0.014754693299062555,1.4215767753535922,81.32677620800678,,0.8066202090592335,0.9346689895470384,1.0018098950031686,81.32677620800678
blob_s0,blob,0,sparse,0.6932009227204806,0.7300451100458504,4.999999999999993,0.5920490672436786,24.04715033569244,7.975859125028364,,0.6402439024390244,0.6890243902439024,1.00201410073138,7.975859125028364
blob_s1,blob,1,tikhonov_gcv,0.6993115636348266,0.4365930996488933,4.999999999999993,0.0040713558148643084,0.10079732644382029,0.03215566597646102,154.29965303795134,,,,
blob_s1,blob,1,tikhonov_tuned,0.6996621663311932,0.4372273589461973,4.999999999999993,0.00536987085004469,0.10816800074413896,0.03246316604781896,164.1010448385885,,,,
blob_s1,blob,1,mfi,0.39529197515815157,0.8264544092755429,4.999999999999993,0.010496837158745678,1.221973336101601,0.17495475005125627,1051.2484156168864,,,,
blob_s1,blob,1,gp,0.6784702871240281,0.3167236806975552,3.583939731636127,0.1072528182661581,0.35442038987349955,2.9861716250306927,,0.5209059233449478,0.7804878048780488,,
blob_s1,blob,1,potts,0.5550484146659856,0.7220765809305573,4.999999999999993,0.018236583821753242,1.1894254743198946,86.6606789159705,,0.7804878048780488,0.9233449477351916,1.002237284828092,86.6606789159705
blob_s1,blob,1,sparse,0.6924881314401298,0.7233697027977154,4.999999999999993,0.6068915968629686,24.633792654915155,8.59042749996297,,0.6385017421602788,0.6777003484320557,1.0020141007313799,8.59042749996297
edge_s0,edge,0,tikhonov_gcv,0.6787359252117408,0.26549990819536146,45.29214607412636,0.15875916090141742,0.30424259015899496,0.03203304100316018,32.87481145960791,,,,
edge_s0,edge,0,tikhonov_tuned,0.6832221327815305,0.26943455251512444,47.77686151266112,0.17469484197013826,0.1363373621004543,0.032362541009206325,14.936935732529141,,,,
edge_s0,edge,0,mfi,0.4659606095003123,0.7353880109083776,44.967276279534666,0.05046193834490665,1.4381024620955396,0.1723508750437759,152.6199478387276,,,,
edge_s0,edge,0,gp,0.6455301636675497,0.3361433994944474,40.328383255469106,0.13956717682426584,0.47628056241770766,3.131653250020463,,0.6202090592334495,0.8841463414634146,,
edge_s0,edge,0,potts,0.5318134611958468,0.45524112261613203,47.77686151266112,0.08394462159529135,2.205285732593628,81.58396633301163,,0.7735191637630662,0.9050522648083623,1.001954834624327,81.58396633301163
edge_s0,edge,0,sparse,0.724997816824429,0.49394157027142943,42.809210410845,0.501159941772785,35.76669914336944,8.057377332996111,,0.7264808362369338,0.7909407665505227,1.0027123548879482,8.057377332996111
edge_s1,edge,1,tikhonov_gcv,0.6854795613174729,0.26078259182630353,45.29214607412636,0.17560467696246615,0.1327537469175631,0.03162816702388227,22.39734831920664,,,,
edge_s1,edge,1,tikhonov_tuned,0.6867598263870333,0.26202427157248415,45.29214607412636,0.18107221477748983,0.09190596712657514,0.03208787500625476,16.41913358230687,,,,
edge_s1,edge,1,mfi,0.4921381051353182,0.7276724693131681,44.967276279534666,0.05605186083671178,0.9659468809441009,0.17576791695319116,103.98096644256582,,,,
edge_s1,edge,1,gp,0.6913401168757424,0.30848059106406756,5.712135852726191,0.18851619611010084,0.3005946984349213,3.3496521250344813,,0.5261324041811847,0.7909407665505227,,
edge_s1,edge,1,potts,0.5425296441835401,0.43778660728556557,5.620909534941838,0.07821633482961952,2.032027353888093,80.98038025002461,,0.7569686411149826,0.8972125435540069,1.0022183828003013,80.98038025002461
edge_s1,edge,1,sparse,0.7297022634767115,0.49134792070162037,42.809210410845,0.505596738498301,35.279252993760956,8.740822916966863,,0.7334494773519163,0.7935540069686411,1.0018667199562943,8.740822916966863
divertor_s0,divertor,0,tikhonov_gcv,0.4111110875681014,0.5117786042861816,20.543999999999997,0.007962821965115989,0.40241518334007076,0.03373637504409999,66.92044688133046,,,,
divertor_s0,divertor,0,tikhonov_tuned,0.4084902697138228,0.5100593930727408,20.543999999999997,0.011623657157644162,0.24478028963159976,0.03341054101474583,36.699564835131355,,,,
divertor_s0,divertor,0,mfi,0.393198502010535,0.6360613301605164,17.976000000000003,0.006140249117373325,0.6367038222620826,0.18225062498822808,456.02005134404925,,,,
divertor_s0,divertor,0,gp,0.4081045288360603,0.4653533124549372,20.695553532099588,0.015884887922765573,0.6542397152421401,2.586614667030517,,0.8266550522648084,0.9782229965156795,,
divertor_s0,divertor,0,potts,0.42469847932329424,0.4952829001276141,17.976000000000003,0.06465918820482304,1.1855199808966084,92.9818646669737,,0.7621951219512195,0.9372822299651568,1.0022817837678402,92.9818646669737
divertor_s0,divertor,0,sparse,0.43235828994017994,0.4955446784078399,20.543999999999997,0.09187468039394565,4.580196068393932,20.306512749986723,,0.6358885017421603,0.8745644599303136,1.0023001888358745,20.306512749986723
divertor_s1,divertor,1,tikhonov_gcv,0.39873510247544447,0.5182927779132986,25.437294195727656,0.016353346866393195,0.1577241450418644,0.058903667028062046,45.592369718065086,,,,
divertor_s1,divertor,1,tikhonov_tuned,0.3984696594438074,0.5183910412001964,25.437294195727656,0.01658139609463087,0.15126571852505258,0.04998916597105563,43.76103518581564,,,,
divertor_s1,divertor,1,mfi,0.3804333637464768,0.6316295400431414,26.27574059850645,0.012221611254777097,0.2429263769740254,0.2699770000181161,211.66496623129376,,,,
divertor_s1,divertor,1,gp,0.39020040126685906,0.48581244206061724,18.65841836812542,0.007634191140811085,0.4809148141241115,4.389308042009361,,0.7900696864111498,0.9660278745644599,,
divertor_s1,divertor,1,potts,0.4197723727001509,0.4837583724041014,20.543999999999997,0.06093020476190909,0.8503288243558728,92.56575341703137,,0.7604529616724739,0.9407665505226481,1.0021290647055667,92.56575341703137
divertor_s1,divertor,1,sparse,0.41757445049924313,0.49490998728740876,20.543999999999997,0.041788219415736794,2.3415988277252664,19.52302104199771,,0.6655052264808362,0.9033101045296167,1.0025691426041952,19.52302104199771
random000,random,1000,tikhonov_gcv,0.1881565925040409,0.8059075508810807,2.5679999999999925,0.02084804677923139,0.41887839374902874,0.05699012498371303,46.150568710792506,,,,
random000,random,1000,tikhonov_tuned,0.1862390426466826,0.7999001053940392,2.5679999999999925,0.02036424887300727,0.35292794486454415,0.04960924998158589,36.00533695594482,,,,
random000,random,1000,mfi,0.18872187892463138,0.8315652616009784,2.5679999999999925,0.018292447684441993,0.5528970051350234,0.2397190000046976,99.42867946664143,,,,
random000,random,1000,gp,0.11075339799983379,0.9050716235206132,3.583939731636111,0.0033814882511263586,0.8389109198484789,4.9461827499908395,,0.5574912891986062,0.8954703832752613,,
random000,random,1000,potts,0.192085629379976,0.777503403169619,2.5679999999999925,0.0319103165767131,0.37525023632817095,96.68556129198987,,0.7918118466898955,0.980836236933798,1.0026534877774258,96.68556129198987
random000,random,1000,sparse,0.1869228634747853,0.7992790444054672,2.5679999999999925,0.02979857732356128,0.4097733195939387,20.610799959045835,,0.7299651567944251,0.9738675958188153,1.0052362553309353,20.610799959045835
random001,random,1001,tikhonov_gcv,0.17774169124857478,0.8550196048169787,5.712135852726201,0.01725047547027469,0.3503697415918156,0.05520991701632738,54.794735588192594,,,,
random001,random,1001,tikhonov_tuned,0.17024607011167905,0.8515906951860026,5.712135852726201,0.015158943648391656,0.24152166392508898,0.05643954104743898,33.698639500813506,,,,
random001,random,1001,mfi,0.16263914219192077,0.8765906651623276,5.712135852726201,0.01995176609919869,0.41084508322453045,0.2513100419891998,118.05346616113701,,,,
random001,random,1001,gp,0.09023663284724713,0.9254208610664152,5.136000000000007,0.0032159791509336574,0.7660937160980696,4.764899417001288,,0.8353658536585366,0.9912891986062717,,
random001,random,1001,potts,0.19039781321092675,0.8104298924208027,5.712135852726201,0.003468333110665219,0.25830012322017226,96.7583273750497,,0.8371080139372822,0.985191637630662,1.0022527850623006,96.7583273750497
random001,random,1001,sparse,0.17486603914892115,0.8489855079866125,5.712135852726201,0.002607235798409563,0.37929361016750196,17.436507208971307,,0.7813588850174216,0.9790940766550522,1.0128631233500685,17.436507208971307
random002,random,1002,tikhonov_gcv,0.24985493784686685,0.7072601446205415,2.5679999999999925,0.009535557346783585,0.16568752151983507,0.05103779101045802,27.375120630096138,,,,
random002,random,1002,tikhonov_tuned,0.2502985437898589,0.7079015523507224,2.5679999999999925,0.0098611897249101,0.17554576783551754,0.05927870899904519,29.080462268594246,,,,
random002,random,1002,mfi,0.17538515791669188,0.8791687829956222,2.5679999999999925,0.021388427108199923,0.37483790021579255,0.2843688750290312,127.07978677500765,,,,
random002,random,1002,gp,0.19011750579043973,0.794310350860211,0.0,0.016734264557701547,0.6437403661375024,4.695097582996823,,0.6742160278745645,0.9233449477351916,,
random002,random,1002,potts,0.22552361108821545,0.78237714254151,2.5679999999999925,0.006355347770790428,0.27647056389664226,96.77879587496864,,0.8858885017421603,0.9834494773519163,1.0020689513675942,96.77879587496864
random002,random,1002,sparse,0.2504337275924388,0.7289995827664273,2.5679999999999925,0.01723540720169667,0.6662349430234511,13.626877125003375,,0.8170731707317073,0.9625435540069687,1.001787506297637,13.626877125003375
random003,random,1003,tikhonov_gcv,0.29769042484642844,0.7504683059862582,0.0,0.029841809431940133,0.27644418935787823,0.031648875039536506,66.80453826747048,,,,
random003,random,1003,tikhonov_tuned,0.29467788932159183,0.7453421163322437,0.0,0.02699703133457366,0.20400221692160947,0.03209554101340473,47.591477678341036,,,,
random003,random,1003,mfi,0.18612241371179655,0.8856013713914271,0.0,0.03226867983375261,0.5168190784903005,0.1770673330174759,310.1360433193767,,,,
random003,random,1003,gp,0.21324149313920746,0.7918495692687196,2.5680000000000036,0.001512825430541482,0.6727032783007083,3.082663083972875,,0.6498257839721254,0.8954703832752613,,
random003,random,1003,potts,0.25027987252583395,0.8045885266804493,0.0,0.006637620660869648,0.3300218986809206,81.12624016701011,,0.8205574912891986,0.9686411149825784,1.0023176776154616,81.12624016701011
random003,random,1003,sparse,0.2867881739452563,0.7880988757171216,0.0,0.023754373253801954,0.5297995593776942,10.929475625045598,,0.7439024390243902,0.9529616724738676,1.0021049179979555,10.929475625045598
random004,random,1004,tikhonov_gcv,0.13653503631287028,0.8285407941142292,3.583939731636127,0.00016684233195905852,0.26515146811620754,0.031702584004960954,46.50332037966788,,,,
random004,random,1004,tikhonov_tuned,0.13489201740037268,0.8261556748865212,0.0,0.0010833931233007299,0.21349997242464303,0.03225733299041167,35.74651760164074,,,,
random004,random,1004,mfi,0.12768503884624471,0.8449606747831838,5.620909534941838,0.006178734397142759,0.32729415025844477,0.1462535000173375,100.19815460189395,,,,
random004,random,1004,gp,0.11535977482205599,0.8999517422856154,0.0,0.011872466785730196,0.7330257338942361,2.9015826669638045,,0.7290940766550522,0.9303135888501742,,
random004,random,1004,potts,0.13753640463342676,0.7918378517871361,3.583939731636127,0.00854194715784055,0.2388911030139863,80.23328824999044,,0.8684668989547039,0.9965156794425087,1.0024270441563556,80.23328824999044
random004,random,1004,sparse,0.1408118385619084,0.8019761010826881,3.583939731636127,0.014785117442773204,0.29437307972411614,14.216868708957918,,0.8022648083623694,0.9930313588850174,1.0064940663563344,14.216868708957918
random005,random,1005,tikhonov_gcv,0.31032242575639696,0.6884729221226925,5.000000000000004,0.029452131820693693,0.18323187400867974,0.03146108303917572,40.354241167933516,,,,
random005,random,1005,tikhonov_tuned,0.3111966695544111,0.6881991893503329,5.000000000000004,0.029772107816527976,0.20090264287550685,0.03162508300738409,45.003382358674145,,,,
random005,random,1005,mfi,0.23242347829997034,0.8065574137443009,0.0,0.017598444471563852,0.250977587465999,0.1997033329680562,86.9402332538936,,,,
random005,random,1005,gp,0.20179243562548238,0.8691349017627199,5.000000000000004,0.023895689671091264,0.5609137012252816,3.0513151669874787,,0.617595818815331,0.9085365853658537,,
random005,random,1005,potts,0.29666738165314105,0.6934169008553035,7.500000000000007,0.0025571804229301775,0.24670907524156363,80.74345054198056,,0.804006968641115,0.9703832752613241,1.0021783464822391,80.74345054198056
random005,random,1005,sparse,0.303996474614462,0.7105681265463839,5.000000000000004,8.558450319770184e-05,0.6896002383740696,11.091963083017617,,0.7456445993031359,0.9590592334494773,1.0031374081315672,11.091963083017617
random006,random,1006,tikhonov_gcv,0.23948057942740528,0.7026676352206868,12.839999999999996,0.005736020536017759,0.4320472803561822,0.031847250007558614,49.02197800258365,,,,
random006,random,1006,tikhonov_tuned,0.2334708781705517,0.7118462223953567,12.839999999999996,0.005776495874458575,0.2852524940935583,0.0327757079503499,26.01161907120066,,,,
random006,random,1006,mfi,0.2212696816028647,0.750872772882356,12.839999999999996,0.0006668166764338381,0.5551595168075885,0.14626199996564537,105.61886609520009,,,,
random006,random,1006,gp,0.15004803307202055,0.9019830813529395,0.0,0.010758788386148386,0.714245358031264,3.1967170410207473,,0.7526132404181185,0.9625435540069687,,
random006,random,1006,potts,0.22712503179148028,0.7253586504247027,12.839999999999996,0.0067404908017767405,0.32362394644875725,85.78251783404266,,0.8031358885017421,0.990418118466899,1.0020566304933647,85.78251783404266
random006,random,1006,sparse,0.23650017445390917,0.7054459901576088,12.839999999999996,0.030808782994477243,0.7279643170948363,8.709638749947771,,0.6785714285714286,0.9668989547038328,1.0020147434552258,8.709638749947771
random007,random,1007,tikhonov_gcv,0.18011943432690428,0.7740183348239219,2.5680000000000036,0.03228222843181914,0.6736777246737843,0.03271400002995506,76.74836246725347,,,,
random007,random,1007,tikhonov_tuned,0.17397532699251972,0.7750976428543468,2.5680000000000036,0.033119226409779524,0.49117943951928056,0.03328816604334861,38.60082237031569,,,,
random007,random,1007,mfi,0.17108509507441438,0.8002813119802838,2.5680000000000036,0.028596787829305886,0.7247215116349744,0.11822145798942074,112.65157824871123,,,,
random007,random,1007,gp,0.13455816791234232,0.8761148743433933,2.500000000000002,0.02834133086161477,0.9424822469520262,3.104140290990472,,0.5531358885017421,0.8702090592334495,,
random007,random,1007,potts,0.1704556252877722,0.7822808854411184,2.5680000000000036,0.03391796536714581,0.5010370299789968,81.21400337503292,,0.8005226480836237,0.9790940766550522,1.002562165616376,81.21400337503292
random007,random,1007,sparse,0.17358256503138467,0.7764876481419954,2.5680000000000036,0.03631203669965561,0.5179047872730281,15.34076291701058,,0.7534843205574913,0.9729965156794426,1.0025908098717726,15.34076291701058
