method,n,rel_l2,ssim,peak_err_cm,time,coverage68,coverage95,rhat_max,rhat_med
tikhonov_tuned,7,0.47553989239952604,0.5477552875421324,14.748471712259828,0.014040327273375754,,,,
gaussian,7,0.47554081990406233,0.5477559308333694,14.748471712259828,0.014140494142858577,0.7601914214817439,0.9331797235023043,,
trunc_pos,7,0.4198337226321141,0.6244884432322241,26.510580983416787,4.591785928858111,0.6472881956752925,0.9058844381425025,1.0172582003292712,1.0004560111871645
trunc_box,7,0.44860048242710615,0.6078591526181851,27.902511856928037,4.372250785685277,0.6263736263736263,0.8899326479971642,1.0262756431330544,1.0001728782190196
potts_K4,7,0.4612772887095198,0.5728678626798658,27.916411255827363,1.5688706728563244,0.4253810705423609,0.7988302020560084,1241083659785054.2,1.0273133183256153
potts_K7,7,0.43038912991231143,0.6318878472419287,26.064152411988214,4.312894339290714,0.6859269762495569,0.914214817440624,1.027494072655928,1.0010814929111231
potts_K8,7,0.43234515068607743,0.6297028915184685,27.46998268439879,4.071537279573802,0.7057780928748671,0.9179369018078695,1.0238387914778313,1.0007984574273705
potts_K9,7,0.43565950260689307,0.6247453245201225,27.46998268439879,4.362154660704879,0.7084367245657568,0.9166962070187877,1.0153908517354164,1.0008096524118149
potts_K16,7,0.4408506869030878,0.6185327866310849,27.348662870646866,8.23304982112521,0.6933711449840481,0.9106699751861042,1.014070003090617,1.0003975269432988
potts_K32,7,0.44502850122794324,0.6120074723884626,27.029977733835132,14.363150202569418,0.6602268699042891,0.9046437433534208,1.0168571629530103,1.0002437765396548
log_laplace,7,0.4861318506478182,0.6278376607361534,35.47083492675092,1.6800307738511557,0.6836228287841192,0.8667139312300602,,
gp,7,0.44886310502904286,0.5746186364531519,26.679914148739208,1.1455994820072581,0.5870258773484581,0.8278979085430697,,
mfi,7,0.42128892113297295,0.6415564906184074,37.18149551866873,0.0705914108714621,,,,
