problem,kind,seed,method,rel_l2,ssim,peak_err_cm,power_err,chi2_red,coverage68,coverage95,time,lam,eps_max,rhat_max,rhat_med,frac_at_upper,frac_at_zero,frac_top
peaked,phantom,0,gaussian,0.2628448680529035,0.7851365831493371,0.0,0.009379362406142835,0.08048415863688957,0.9181141439205955,1.0,0.012432832969352603,18.30224878785506,0.9621666978305763,,,,,
peaked,phantom,0,trunc_pos,0.26262056585356425,0.7786271093856227,3.125,0.07498108979443717,1.1397708735446845,0.7791563275434243,0.9702233250620348,6.697122082987335,18.30224878785506,0.9621666978305763,1.010523793273995,1.000269153107707,0.0,6.978908188585608e-06,
peaked,phantom,0,trunc_box,0.29629258732323643,0.7516807669789543,0.0,0.06377435726010568,1.2252941245088498,0.7208436724565757,0.9503722084367245,6.483685249986593,18.30224878785506,0.9621666978305763,1.0096444183585305,1.0000210821207616,1.0080645161290323e-05,6.203473945409429e-06,
peaked,phantom,0,potts_K4,0.32182865577113806,0.7280325927555445,0.0,0.012208475759239166,0.18321000798965206,0.38089330024813894,0.8598014888337469,2.0259169170167297,18.30224878785506,0.9621666978305763,1.058501627978966,1.0078422999684058,,,0.013084677419354838
peaked,phantom,0,potts_K8,0.25515171291933486,0.7906873221497064,0.0,0.045911642055959045,0.3582844873764792,0.8027295285359801,0.9801488833746899,6.294093583012,18.30224878785506,0.9621666978305763,1.0112887500956955,1.0002395573219554,,,0.013793424317617866
peaked,phantom,0,potts_K16,0.2795855938742676,0.76705551404943,0.0,0.05590319392559774,0.6245942703951685,0.771712158808933,0.9801488833746899,11.626523708051536,18.30224878785506,0.9621666978305763,1.009249529532209,0.9998845626780184,,,0.006184863523573201
peaked,phantom,0,potts_K32,0.28949675804888875,0.7575603721722679,0.0,0.05969626201723876,0.8486723383255108,0.7593052109181141,0.9702233250620348,17.100950166990515,18.30224878785506,0.9621666978305763,1.0083759517726065,0.9999953992762143,,,0.002938120347394541
peaked,phantom,0,log_laplace,0.3253875202412394,0.766256377089376,3.125,0.0846656059472209,0.3238284932272711,0.7096774193548387,0.9330024813895782,4.0716641250182875,18.30224878785506,0.9621666978305763,,,,,
peaked,phantom,0,tikhonov_tuned,0.26285061277063937,0.7851298419921631,0.0,0.00938632954163071,0.08048518571988028,,,0.022031917003914714,18.30224878785506,0.9621666978305763,,,,,
peaked,phantom,0,mfi,0.19957867283772757,0.8356677538162129,0.0,0.061125157154214606,0.34874475836406066,,,0.10869600001024082,18.30224878785506,0.9621666978305763,,,,,
peaked,phantom,0,gp,0.22603047590035477,0.739057013520445,3.125,0.07728308791019595,1.028486881305394,0.27667493796526055,0.5421836228287841,1.639202959020622,18.30224878785506,0.9621666978305763,,,,,
hollow,phantom,0,gaussian,0.6494708320027768,0.34527943203994194,57.02589872154581,0.16292591508051213,0.12480946002003633,0.4801488833746898,0.7704714640198511,0.010788749961648136,8.108840014412467,1.3894958961437287,,,,,
hollow,phantom,0,trunc_pos,0.5432279265745656,0.4802058274689737,53.94586406760021,0.12254403913522197,0.8869959961267584,0.41935483870967744,0.7518610421836228,6.6205876669846475,8.108840014412467,1.3894958961437287,1.0104149227005297,1.0008361404271169,0.0,3.877171215880893e-06,
hollow,phantom,0,trunc_box,0.535718840673209,0.4884807175536265,53.94586406760021,0.11771500106170035,0.9038012707189463,0.4218362282878412,0.7531017369727047,6.924858916027006,8.108840014412467,1.3894958961437287,1.0109442198865362,1.0005708625458798,7.754342431761787e-07,3.1017369727047146e-06,
hollow,phantom,0,potts_K4,0.6083981137112802,0.4127023494953018,57.02589872154581,0.12551172756339146,0.2232849069841508,0.2506203473945409,0.684863523573201,3.034434625005815,8.108840014412467,1.3894958961437287,1.0366592106088046,1.003955127156865,,,0.011182537220843673
hollow,phantom,0,potts_K8,0.5538080616958112,0.4739659726552176,57.02589872154581,0.12379628780514786,0.32486099935917534,0.4640198511166253,0.826302729528536,5.237801540992223,8.108840014412467,1.3894958961437287,1.0137065803963643,1.0010620783559416,,,0.004124534739454094
hollow,phantom,0,potts_K16,0.5428405064928147,0.4848501169456603,53.94586406760021,0.1206947998140382,0.49534660979744455,0.45409429280397023,0.8027295285359801,10.959245375008322,8.108840014412467,1.3894958961437287,1.0105147775153327,1.0012721561765212,,,0.0016222084367245658
hollow,phantom,0,potts_K32,0.5405963764988608,0.48322165073262324,53.94586406760021,0.1193513095479299,0.6540350259747163,0.43300248138957814,0.7779156327543424,17.433966709009837,8.108840014412467,1.3894958961437287,1.0098325799759378,1.0005287918019126,,,0.0006754032258064516
hollow,phantom,0,log_laplace,0.8426827715381521,0.18208241438291692,41.92627457812106,0.2118671997776606,0.2800256298785852,0.38957816377171217,0.6712158808933002,5.966970958048478,8.108840014412467,1.3894958961437287,,,,,
hollow,phantom,0,tikhonov_tuned,0.6494500872141437,0.3453000807309049,57.02589872154581,0.16290966526713363,0.12481075491631041,,,0.021040833031293005,8.108840014412467,1.3894958961437287,,,,,
hollow,phantom,0,mfi,0.8073811065081856,0.20715987081010778,57.02589872154581,0.21348755809497288,0.3403599962767563,,,0.126745541987475,8.108840014412467,1.3894958961437287,,,,,
hollow,phantom,0,gp,0.5396001071548677,0.5042145119988842,53.49138365194903,0.11031262022121056,0.7932501119849213,0.45533498759305213,0.7084367245657568,1.9343568749609403,8.108840014412467,1.3894958961437287,,,,,
random000,random,1000,gaussian,0.275682642032677,0.7710659164131469,3.125,0.058974847771497536,0.16726232932026186,0.8598014888337469,0.9764267990074442,0.010267792036756873,40.659255012765215,0.6658725801851165,,,,,
random000,random,1000,trunc_pos,0.28269594956827243,0.7439451436696284,19.008632907181937,0.012124182391734944,0.2599595001326172,0.815136476426799,0.9751861042183623,7.420661041978747,40.659255012765215,0.6658725801851165,1.0141470721500174,1.00102131569053,0.0,0.0,
random000,random,1000,trunc_box,0.30525995031911707,0.7380389486515414,29.646353064078557,0.03522717317695206,0.3014584928150254,0.8163771712158809,0.9503722084367245,7.932092625007499,40.659255012765215,0.6658725801851165,1.012011875071865,1.0004694668033662,7.754342431761787e-06,7.754342431761787e-07,
random000,random,1000,potts_K4,0.3100924247816102,0.707402078384943,25.76941016011038,0.0469787692004591,0.2476820047482402,0.5198511166253101,0.8647642679900744,4.549427499994636,40.659255012765215,0.6658725801851165,1.4194321980576488,1.0432365607423955,,,0.025676954094292805
random000,random,1000,potts_K8,0.2894258002637496,0.7587267400757796,25.76941016011038,0.03391768028531026,0.20639901362377866,0.7803970223325062,0.9627791563275434,5.929823874961585,40.659255012765215,0.6658725801851165,1.0123663831565661,1.000858727861711,,,0.01145704094292804
random000,random,1000,potts_K16,0.29891824488235424,0.7464981862610106,25.76941016011038,0.035142967732881336,0.2451315093919813,0.8014888337468983,0.9553349875930521,13.307079625024926,40.659255012765215,0.6658725801851165,1.0113092441697649,1.0006670251252265,,,0.004726271712158809
random000,random,1000,potts_K32,0.30196405223931005,0.7410864117842558,25.76941016011038,0.034609358319610345,0.2662408186544369,0.8163771712158809,0.9516129032258065,16.689805750036612,40.659255012765215,0.6658725801851165,1.0120193170867726,1.0005055416275872,,,0.0021518300248138957
random000,random,1000,log_laplace,0.30763227876223387,0.785120401039777,93.75,0.00020395137841736603,0.3342492659430176,0.6253101736972705,0.9627791563275434,2.0355593329877593,40.659255012765215,0.6658725801851165,,,,,
random000,random,1000,tikhonov_tuned,0.27569149353412775,0.7710552127615806,3.125,0.05898602397617614,0.1672653203998643,,,0.02136845898348838,40.659255012765215,0.6658725801851165,,,,,
random000,random,1000,mfi,0.2797813679899656,0.7711201418751137,93.75,0.023720345841261523,1.033250378942968e-05,,,0.10463149996940047,40.659255012765215,0.6658725801851165,,,,,
random000,random,1000,gp,0.2783890335936542,0.7793504552894109,93.75,0.0015441247546056618,0.6678563034264963,0.7729528535980149,0.9516129032258065,1.6708105829893611,40.659255012765215,0.6658725801851165,,,,,
